{
  "version": 1,
  "author": "Anonymous maker",
  "editor": "wokwi",
  "parts": [
    { "type": "wokwi-breadboard", "id": "bb1", "top": -127.8, "left": -198.8, "attrs": {} },
    { "type": "board-esp32-devkit-c-v4", "id": "esp", "top": 86.4, "left": 14.44, "attrs": {} },
    { "type": "wokwi-dht22", "id": "dht1", "top": -191.7, "left": -5.4, "attrs": {} },
    {
      "type": "wokwi-resistor",
      "id": "r1",
      "top": 24,
      "left": -10.15,
      "rotate": 90,
      "attrs": { "value": "1000" }
    }
  ],
  "connections": [
    [ "esp:TX", "$serialMonitor:RX", "", [] ],
    [ "esp:RX", "$serialMonitor:TX", "", [] ],
    [ "esp:5V", "bb1:bp.1", "red", [ "h0" ] ],
    [ "esp:GND.1", "bb1:bn.2", "black", [ "h0" ] ],
    [ "bb1:bn.19", "bb1:23t.c", "black", [ "v0" ] ],
    [ "bb1:bp.11", "bb1:20t.b", "red", [ "v0" ] ],
    [ "dht1:VCC", "bb1:20t.a", "", [ "$bb" ] ],
    [ "dht1:SDA", "bb1:21t.a", "", [ "$bb" ] ],
    [ "dht1:NC", "bb1:22t.a", "", [ "$bb" ] ],
    [ "dht1:GND", "bb1:23t.a", "", [ "$bb" ] ],
    [ "r1:1", "bb1:21b.g", "", [ "$bb" ] ],
    [ "r1:2", "bb1:bp.16", "", [ "$bb" ] ],
    [ "esp:4", "bb1:21t.b", "green", [ "h0" ] ]
  ],
  "dependencies": {}
}